1546131257.5	 22.0
1546131257.9	 22.0
1546131258.3	 22.0
1546131258.7	 22.0
1546131259.1	 22.0
1546131259.5	 22.0
1546131259.9	 22.0
1546131260.3	 22.0
1546131260.7	 22.0
1546131261.1	 22.0
1546131261.5	 22.0
1546131261.9	 22.0
1546131262.3	 22.0
1546131262.7	 22.0
1546131263.1	 22.0
1546131263.5	 22.0
1546131263.9	 22.0
1546131264.3	 22.0
1546131264.7	 22.0
1546131265.1	 22.0
1546131265.5	 22.0
1546131265.9	 22.0
1546131266.3	 22.0
1546131266.7	 22.0
1546131267.1	 22.0
1546131267.5	 22.0
1546131267.9	 23.9
1546131268.3	 23.9
1546131268.7	 23.9
1546131269.1	 23.9
1546131269.5	 23.9
1546131269.9	 23.9
1546131270.3	 23.9
1546131270.7	 23.9
1546131271.1	 27.2
1546131271.5	 27.2
1546131271.9	 27.2
1546131272.3	 27.2
1546131272.7	 27.2
1546131273.1	 27.2
1546131273.5	 27.2
1546131273.9	 27.2
1546131274.3	 28.7
1546131274.7	 28.7
1546131275.1	 28.7
1546131275.5	 28.7
1546131275.9	 28.7
1546131276.3	 28.7
1546131276.7	 28.7
1546131277.1	 28.7
1546131277.5	 29.6
1546131277.9	 29.6
1546131278.3	 29.6
1546131278.7	 29.6
1546131279.1	 29.6
1546131279.5	 29.6
1546131279.9	 29.6
1546131280.3	 29.6
1546131280.7	 30.2
1546131281.1	 30.2
1546131281.5	 30.2
1546131281.9	 30.2
1546131282.3	 30.2
1546131282.7	 30.2
1546131283.1	 30.2
1546131283.5	 30.2
1546131283.9	 30.5
1546131284.3	 30.5
1546131284.7	 30.5
1546131285.1	 30.5
1546131285.5	 30.5
1546131285.9	 30.5
1546131286.3	 30.5
1546131286.7	 30.5
1546131287.1	 30.8
1546131287.5	 30.8
1546131287.9	 30.8
1546131288.3	 30.8
1546131288.7	 30.8
1546131289.1	 30.8
1546131289.5	 30.8
1546131289.9	 30.8
1546131290.3	 31.0
1546131290.7	 31.0
1546131291.1	 31.0
1546131291.5	 31.0
1546131291.9	 31.0
1546131292.3	 31.0
1546131292.6	 31.0
1546131293.1	 31.0
1546131293.4	 31.2
1546131293.8	 31.2
1546131294.2	 31.2
1546131294.6	 31.2
1546131295.0	 31.2
1546131295.4	 31.2
1546131295.8	 31.2
1546131296.2	 31.2
1546131296.6	 31.3
1546131297.0	 31.3
1546131297.4	 31.3
1546131297.8	 31.3
1546131298.2	 31.3
1546131298.6	 31.3
1546131299.0	 31.3
1546131299.4	 31.3
1546131299.8	 31.4
1546131300.2	 31.4
1546131300.6	 31.4
1546131301.0	 31.4
1546131301.4	 31.4
1546131301.8	 31.4
1546131302.2	 31.4
1546131302.6	 31.4
1546131303.0	 31.5
1546131303.4	 31.5
1546131303.8	 31.5
1546131304.2	 31.5
1546131304.6	 31.5
1546131305.0	 31.5
1546131305.4	 31.5
1546131305.8	 31.5
1546131306.2	 31.6
1546131306.6	 31.6
1546131307.0	 31.6
1546131307.4	 31.6
1546131307.8	 31.6
1546131308.2	 31.6
1546131308.6	 31.6
1546131309.0	 31.6
1546131309.4	 31.7
1546131309.8	 31.7
1546131310.2	 31.7
1546131310.6	 31.7
1546131311.0	 31.7
1546131311.4	 31.7
1546131311.8	 31.7
1546131312.2	 31.7
1546131312.6	 31.7
1546131313.0	 31.7
1546131313.4	 31.7
1546131313.8	 31.7
1546131314.2	 31.7
1546131314.6	 31.7
1546131315.0	 31.7
1546131315.4	 31.7
1546131315.8	 31.8
1546131316.2	 31.8
1546131316.6	 31.8
1546131317.0	 31.8
1546131317.4	 31.8
1546131317.8	 31.8
1546131318.2	 31.8
1546131318.6	 31.8
1546131319.0	 31.8
1546131319.4	 31.8
1546131319.8	 31.8
1546131320.2	 31.8
1546131320.6	 31.8
1546131321.0	 31.8
1546131321.4	 31.8
1546131321.8	 31.8
1546131322.2	 31.8
1546131322.6	 31.8
1546131323.0	 31.8
1546131323.4	 31.8
1546131323.8	 31.8
1546131324.2	 31.8
1546131324.6	 31.8
1546131325.0	 31.8
1546131325.4	 31.9
1546131325.8	 31.9
1546131326.2	 31.9
1546131326.6	 31.9
1546131327.0	 31.9
1546131327.4	 31.9
1546131327.8	 31.9
1546131328.2	 31.9
1546131328.6	 31.9
1546131329.0	 31.9
1546131329.4	 31.9
1546131329.8	 31.9
1546131330.2	 31.9
1546131330.6	 31.9
1546131331.0	 31.9
1546131331.4	 31.9
1546131331.8	 31.9
1546131332.2	 31.9
1546131332.6	 31.9
1546131333.0	 31.9
1546131333.4	 31.9
1546131333.8	 31.9
1546131334.2	 31.9
1546131334.6	 31.9
1546131335.0	 31.9
1546131335.4	 31.9
1546131335.8	 31.9
1546131336.2	 31.9
1546131336.6	 31.9
1546131337.0	 31.9
1546131337.4	 31.9
1546131337.8	 31.9
1546131338.2	 32.0
1546131338.6	 32.0
1546131339.0	 32.0
1546131339.4	 32.0
1546131339.8	 32.0
1546131340.2	 32.0
1546131340.6	 32.0
1546131341.0	 32.0
1546131341.4	 32.0
1546131341.8	 32.0
1546131342.2	 32.0
1546131342.6	 32.0
1546131343.0	 32.0
1546131343.4	 32.0
1546131343.8	 32.0
1546131344.2	 32.0
1546131344.6	 32.0
1546131345.0	 32.0
1546131345.4	 32.0
1546131345.8	 32.0
1546131346.2	 32.0
1546131346.6	 32.0
1546131347.0	 32.0
1546131347.4	 32.0
1546131347.8	 32.0
1546131348.2	 32.0
1546131348.6	 32.0
1546131349.0	 32.0
1546131349.4	 32.0
1546131349.8	 32.0
1546131350.2	 32.0
1546131350.6	 32.0
1546131351.0	 32.0
1546131351.4	 32.0
1546131351.8	 32.0
1546131352.2	 32.0
1546131352.6	 32.0
1546131353.0	 32.0
1546131353.4	 32.0
1546131353.8	 32.0
1546131354.2	 32.0
1546131354.6	 32.0
1546131355.0	 32.0
1546131355.4	 32.0
1546131355.8	 32.0
1546131356.2	 32.0
1546131356.6	 32.0
1546131357.0	 32.0
1546131357.4	 32.0
1546131357.8	 32.0
1546131358.2	 32.0
1546131358.6	 32.0
1546131359.0	 32.0
1546131359.4	 32.0
1546131359.8	 32.0
1546131360.2	 32.0
1546131360.6	 32.0
1546131361.0	 32.0
1546131361.4	 32.0
1546131361.8	 32.0
1546131362.2	 32.0
1546131362.6	 32.0
1546131363.0	 32.0
1546131363.4	 32.0
1546131363.8	 32.1
1546131364.2	 32.1
1546131364.6	 32.1
1546131365.0	 32.1
1546131365.4	 32.1
1546131365.8	 32.1
1546131366.2	 32.1
1546131366.6	 32.1
1546131367.0	 32.1
1546131367.4	 32.1
1546131367.8	 32.1
1546131368.2	 32.1
1546131368.6	 32.1
1546131369.0	 32.1
1546131369.4	 32.1
1546131369.8	 32.1
1546131370.2	 32.1
1546131370.6	 32.1
1546131371.0	 32.1
1546131371.4	 32.1
1546131371.8	 32.1
1546131372.2	 32.1
1546131372.6	 32.1
1546131373.0	 32.1
1546131373.4	 32.1
1546131373.8	 32.1
1546131374.2	 32.1
1546131374.6	 32.1
1546131375.0	 32.1
1546131375.4	 32.1
1546131375.8	 32.1
1546131376.2	 32.1
1546131376.6	 32.1
1546131377.0	 32.1
1546131377.4	 32.1
1546131377.8	 32.1
1546131378.2	 32.1
1546131378.6	 32.1
1546131379.0	 32.1
1546131379.4	 32.1
1546131379.8	 32.1
1546131380.2	 32.1
1546131380.6	 32.1
1546131381.0	 32.1
1546131381.4	 32.1
1546131381.8	 32.1
1546131382.2	 32.1
1546131382.6	 32.1
1546131383.0	 32.1
1546131383.4	 32.1
1546131383.8	 32.1
1546131384.2	 32.1
1546131384.6	 32.1
1546131385.0	 32.1
1546131385.4	 32.1
1546131385.8	 32.1
1546131386.2	 32.1
1546131386.6	 32.1
1546131387.0	 32.1
1546131387.4	 32.1
1546131387.8	 32.1
1546131388.2	 32.1
1546131388.6	 32.1
1546131389.0	 32.1
1546131389.4	 32.1
1546131389.8	 32.1
1546131390.2	 32.1
1546131390.6	 32.1
1546131391.0	 32.1
1546131391.4	 32.1
1546131391.8	 32.1
1546131392.2	 32.1
1546131392.6	 32.1
1546131393.0	 32.1
1546131393.4	 32.1
1546131393.8	 32.1
1546131394.2	 32.1
1546131394.6	 32.1
1546131395.0	 32.1
1546131395.4	 32.1
1546131395.8	 31.8
1546131396.2	 31.8
1546131396.6	 31.8
1546131397.0	 31.8
1546131397.4	 31.8
1546131397.8	 31.8
1546131398.2	 31.8
1546131398.6	 31.8
1546131399.0	 31.2
1546131399.4	 31.2
1546131399.8	 31.2
1546131400.2	 31.2
1546131400.6	 31.2
1546131401.0	 31.2
1546131401.4	 31.2
1546131401.8	 31.2
1546131402.2	 30.7
1546131402.6	 30.7
1546131403.0	 30.7
1546131403.4	 30.7
1546131403.8	 30.7
1546131404.2	 30.7
1546131404.6	 30.7
1546131405.0	 30.7
1546131405.4	 30.3
1546131405.8	 30.3
1546131406.2	 30.3
1546131406.6	 30.3
1546131407.0	 30.3
1546131407.4	 30.3
1546131407.8	 30.3
1546131408.2	 30.3
1546131408.6	 29.8
1546131409.0	 29.8
1546131409.4	 29.8
1546131409.8	 29.8
1546131410.2	 29.8
1546131410.6	 29.8
1546131411.0	 29.8
1546131411.4	 29.8
1546131411.8	 29.4
1546131412.2	 29.4
1546131412.6	 29.4
1546131413.0	 29.4
1546131413.4	 29.4
1546131413.8	 29.4
1546131414.2	 29.4
1546131414.6	 29.4
1546131415.0	 29.1
1546131415.4	 29.1
1546131415.8	 29.1
1546131416.2	 29.1
1546131416.6	 29.1
1546131417.0	 29.1
1546131417.4	 29.1
1546131417.8	 29.1
1546131418.2	 28.7
1546131418.6	 28.7
1546131419.0	 28.7
1546131419.4	 28.7
1546131419.8	 28.7
1546131420.2	 28.7
1546131420.6	 28.7
1546131421.0	 28.7
1546131421.4	 28.4
1546131421.8	 28.4
1546131422.2	 28.4
1546131422.6	 28.4
1546131423.0	 28.4
1546131423.4	 28.4
1546131423.8	 28.4
1546131424.2	 28.4
1546131424.6	 28.2
1546131425.0	 28.2
1546131425.4	 28.2
1546131425.8	 28.2
1546131426.2	 28.2
1546131426.6	 28.2
1546131427.0	 28.2
1546131427.4	 28.2
1546131427.8	 27.9
1546131428.2	 27.9
1546131428.6	 27.9
1546131429.0	 27.9
1546131429.4	 27.9
1546131429.8	 27.9
1546131430.2	 27.9
1546131430.6	 27.9
1546131431.0	 27.7
1546131431.4	 27.7
1546131431.8	 27.7
1546131432.2	 27.7
1546131432.6	 27.7
1546131433.0	 27.7
1546131433.4	 27.7
1546131433.8	 27.7
1546131434.2	 27.5
1546131434.6	 27.5
1546131435.0	 27.5
1546131435.4	 27.5
1546131435.8	 27.5
1546131436.2	 27.5
1546131436.6	 27.5
1546131437.0	 27.5
1546131437.4	 27.3
1546131437.8	 27.3
1546131438.2	 27.3
1546131438.6	 27.3
1546131439.0	 27.3
1546131439.4	 27.3
1546131439.8	 27.3
1546131440.2	 27.3
1546131440.6	 27.1
1546131441.0	 27.1
1546131441.4	 27.1
1546131441.8	 27.1
1546131442.2	 27.1
1546131442.6	 27.1
1546131443.0	 27.1
1546131443.4	 27.1
1546131443.8	 26.9
1546131444.2	 26.9
1546131444.6	 26.9
1546131445.0	 26.9
1546131445.4	 26.9
1546131445.8	 26.9
1546131446.2	 26.9
1546131446.6	 26.9
1546131447.0	 26.7
1546131447.4	 26.7
1546131447.8	 26.7
1546131448.2	 26.7
1546131448.6	 26.7
1546131449.0	 26.7
1546131449.4	 26.7
1546131449.8	 26.7
1546131450.2	 26.5
1546131450.6	 26.5
1546131451.0	 26.5
1546131451.4	 26.5
1546131451.8	 26.5
1546131452.2	 26.5
1546131452.6	 26.5
1546131453.0	 26.5
1546131453.4	 26.4
1546131453.8	 26.4
1546131454.2	 26.4
1546131454.6	 26.4
1546131455.0	 26.4
1546131455.4	 26.4
1546131455.8	 26.4
1546131456.2	 26.4
1546131456.6	 26.3
1546131457.0	 26.3
1546131457.4	 26.3
1546131457.8	 26.3
1546131458.2	 26.3
1546131458.6	 26.3
1546131459.0	 26.3
1546131459.4	 26.3
1546131459.8	 26.1
1546131460.2	 26.1
1546131460.6	 26.1
1546131461.0	 26.1
1546131461.4	 26.1
1546131461.8	 26.1
1546131462.2	 26.1
1546131462.6	 26.1
1546131463.0	 26.0
1546131463.4	 26.0
1546131463.8	 26.0
1546131464.2	 26.0
1546131464.6	 26.0
1546131465.0	 26.0
1546131465.4	 26.0
1546131465.8	 26.0
1546131466.2	 25.9
1546131466.6	 25.9
1546131467.0	 25.9
1546131467.4	 25.9
1546131467.8	 25.9
1546131468.2	 25.9
1546131468.6	 25.9
1546131469.0	 25.9
1546131469.4	 25.7
1546131469.8	 25.7
1546131470.2	 25.7
1546131470.6	 25.7
1546131471.0	 25.7
1546131471.4	 25.7
1546131471.8	 25.7
1546131472.2	 25.7
1546131472.6	 25.6
1546131473.0	 25.6
1546131473.4	 25.6
1546131473.8	 25.6
1546131474.2	 25.6
1546131474.6	 25.6
1546131475.0	 25.6
1546131475.4	 25.6
1546131475.8	 25.5
1546131476.2	 25.5
1546131476.6	 25.5
1546131477.0	 25.5
1546131477.4	 25.5
1546131477.8	 25.5
1546131478.2	 25.5
1546131478.6	 25.5
1546131479.0	 25.5
1546131479.4	 25.5
1546131479.8	 25.5
1546131480.2	 25.5
1546131480.6	 25.5
1546131481.0	 25.5
1546131481.4	 25.5
1546131481.8	 25.5
1546131482.2	 25.4
1546131482.6	 25.4
1546131483.0	 25.4
1546131483.4	 25.4
1546131483.8	 25.4
1546131484.2	 25.4
1546131484.6	 25.4
1546131485.0	 25.4
1546131485.4	 25.3
1546131485.8	 25.3
1546131486.2	 25.3
1546131486.6	 25.3
1546131487.0	 25.3
1546131487.4	 25.3
1546131487.8	 25.3
1546131488.2	 25.3
1546131488.6	 25.2
1546131489.0	 25.2
1546131489.4	 25.2
1546131489.8	 25.2
1546131490.2	 25.2
1546131490.6	 25.2
1546131491.0	 25.2
1546131491.4	 25.2
1546131491.8	 25.1
1546131492.2	 25.1
1546131492.6	 25.1
1546131493.0	 25.1
1546131493.4	 25.1
1546131493.8	 25.1
1546131494.2	 25.1
1546131494.6	 25.1
1546131495.0	 25.0
1546131495.4	 25.0
1546131495.8	 25.0
1546131496.2	 25.0
1546131496.6	 25.0
1546131497.0	 25.0
1546131497.4	 25.0
1546131497.8	 25.0
1546131498.2	 24.9
1546131498.6	 24.9
1546131499.0	 24.9
1546131499.4	 24.9
1546131499.8	 24.9
1546131500.2	 24.9
1546131500.6	 24.9
1546131501.0	 24.9
1546131501.4	 24.8
1546131501.8	 24.8
1546131502.2	 24.8
1546131502.6	 24.8
1546131503.0	 24.8
1546131503.4	 24.8
1546131503.8	 24.8
1546131504.2	 24.8
1546131504.6	 24.8
1546131505.0	 24.8
1546131505.4	 24.8
1546131505.8	 24.8
1546131506.2	 24.8
1546131506.6	 24.8
1546131507.0	 24.8
1546131507.4	 24.8
1546131507.8	 24.7
1546131508.2	 24.7
1546131508.6	 24.7
1546131509.0	 24.7
1546131509.4	 24.7
1546131509.8	 24.7
1546131510.2	 24.7
1546131510.6	 24.7
1546131511.0	 24.5
1546131511.4	 24.5
1546131511.8	 24.5
1546131512.2	 24.5
1546131512.6	 24.5
1546131513.0	 24.5
1546131513.4	 24.5
1546131513.8	 24.5
1546131514.2	 24.4
1546131514.6	 24.4
1546131515.0	 24.4
1546131515.4	 24.4
1546131515.8	 24.4
1546131516.2	 24.4
1546131516.6	 24.4
1546131517.0	 24.4
1546131517.4	 24.4
1546131517.8	 24.4
1546131518.2	 24.4
1546131518.6	 24.4
1546131519.0	 24.4
1546131519.4	 24.4
1546131519.8	 24.4
1546131520.2	 24.4
1546131520.6	 24.3
1546131521.0	 24.3
1546131521.4	 24.3
1546131521.8	 24.3
1546131522.2	 24.3
1546131522.6	 24.3
1546131523.0	 24.3
1546131523.4	 24.3
1546131523.8	 24.2
1546131524.2	 24.2
1546131524.6	 24.2
1546131525.0	 24.2
1546131525.4	 24.2
1546131525.8	 24.2
1546131526.2	 24.2
1546131526.6	 24.2
1546131527.0	 24.2
1546131527.4	 24.2
1546131527.8	 24.2
1546131528.2	 24.2
1546131528.6	 24.2
1546131529.0	 24.2
1546131529.4	 24.2
1546131529.8	 24.2
1546131530.2	 24.1
1546131530.6	 24.1
1546131531.0	 24.1
1546131531.4	 24.1
1546131531.8	 24.1
1546131532.2	 24.1
1546131532.6	 24.1
1546131533.0	 24.1
1546131533.4	 24.0
1546131533.8	 24.0
1546131534.2	 24.0
1546131534.6	 24.0
1546131535.0	 24.0
1546131535.4	 24.0
1546131535.8	 24.0
1546131536.2	 24.0
1546131536.6	 24.0
1546131537.0	 24.0
1546131537.4	 24.0
1546131537.8	 24.0
1546131538.2	 24.0
1546131538.6	 24.0
1546131539.0	 24.0
1546131539.4	 24.0
1546131539.8	 23.9
1546131540.2	 23.9
1546131540.6	 23.9
1546131541.0	 23.9
1546131541.4	 23.9
1546131541.8	 23.9
1546131542.2	 23.9
1546131542.6	 23.9
1546131543.0	 23.9
1546131543.4	 23.9
1546131543.8	 23.9
1546131544.2	 23.9
1546131544.6	 23.9
1546131545.0	 23.9
1546131545.4	 23.9
1546131545.8	 23.9
1546131546.2	 23.8
1546131546.6	 23.8
1546131547.0	 23.8
1546131547.4	 23.8
1546131547.8	 23.8
1546131548.2	 23.8
1546131548.6	 23.8
1546131549.0	 23.8
1546131549.4	 23.8
1546131549.8	 23.8
1546131550.2	 23.8
1546131550.6	 23.8
1546131551.0	 23.8
1546131551.4	 23.8
1546131551.8	 23.8
1546131552.2	 23.8
1546131552.6	 23.7
1546131553.0	 23.7
1546131553.4	 23.7
1546131553.8	 23.7
1546131554.2	 23.7
1546131554.6	 23.7
1546131555.0	 23.7
1546131555.4	 23.7
1546131555.8	 23.7
1546131556.2	 23.7
1546131556.6	 23.7
1546131557.0	 23.7
1546131557.4	 23.7
1546131557.8	 23.7
1546131558.2	 23.7
1546131558.6	 23.7
1546131559.0	 23.6
1546131559.4	 23.6
1546131559.8	 23.6
1546131560.2	 23.6
1546131560.6	 23.6
1546131561.0	 23.6
1546131561.4	 23.6
1546131561.8	 23.6
1546131562.2	 23.5
1546131562.6	 23.5
1546131563.0	 23.5
1546131563.4	 23.5
1546131563.8	 23.5
1546131564.2	 23.5
1546131564.6	 23.5
1546131565.0	 23.5
1546131565.4	 23.5
1546131565.8	 23.5
1546131566.2	 23.5
1546131566.6	 23.5
1546131567.0	 23.5
1546131567.4	 23.5
1546131567.8	 23.5
1546131568.2	 23.5
1546131568.6	 23.5
1546131569.0	 23.5
1546131569.4	 23.5
1546131569.8	 23.5
1546131570.2	 23.5
1546131570.6	 23.5
1546131571.0	 23.5
1546131571.4	 23.5
1546131571.8	 23.4
1546131572.2	 23.4
1546131572.6	 23.4
1546131573.0	 23.4
1546131573.4	 23.4
1546131573.8	 23.4
1546131574.2	 23.4
1546131574.6	 23.4
1546131575.0	 23.4
1546131575.4	 23.4
1546131575.8	 23.4
1546131576.2	 23.4
1546131576.6	 23.4
1546131577.0	 23.4
1546131577.4	 23.4
1546131577.8	 23.4
1546131578.2	 23.3
1546131578.6	 23.3
1546131579.0	 23.3
1546131579.4	 23.3
1546131579.8	 23.3
1546131580.2	 23.3
1546131580.6	 23.3
1546131581.0	 23.3
1546131581.4	 23.3
1546131581.8	 23.3
1546131582.2	 23.3
1546131582.6	 23.3
1546131583.0	 23.3
1546131583.4	 23.3
1546131583.8	 23.3
1546131584.2	 23.3
1546131584.6	 23.3
1546131585.0	 23.3
1546131585.4	 23.3
1546131585.8	 23.3
1546131586.2	 23.3
1546131586.6	 23.3
1546131587.0	 23.3
1546131587.4	 23.3
1546131587.8	 23.2
1546131588.2	 23.2
1546131588.6	 23.2
1546131589.0	 23.2
1546131589.4	 23.2
1546131589.8	 23.2
1546131590.2	 23.2
1546131590.6	 23.2
1546131591.0	 23.2
1546131591.4	 23.2
1546131591.8	 23.2
1546131592.2	 23.2
1546131592.6	 23.2
1546131593.0	 23.2
1546131593.4	 23.2
1546131593.8	 23.2
1546131594.2	 23.2
1546131594.6	 23.2
1546131595.0	 23.2
1546131595.4	 23.2
1546131595.8	 23.2
1546131596.2	 23.2
1546131596.6	 23.2
1546131597.0	 23.2
1546131597.4	 23.1
1546131597.8	 23.1
1546131598.2	 23.1
1546131598.6	 23.1
1546131599.0	 23.1
1546131599.4	 23.1
1546131599.8	 23.1
1546131600.2	 23.1
1546131600.6	 23.1
1546131601.0	 23.1
1546131601.4	 23.1
1546131601.8	 23.1
1546131602.2	 23.1
1546131602.6	 23.1
1546131603.0	 23.1
1546131603.4	 23.1
1546131603.8	 23.1
1546131604.2	 23.1
1546131604.6	 23.1
1546131605.0	 23.1
1546131605.4	 23.1
1546131605.8	 23.1
1546131606.2	 23.1
1546131606.6	 23.1
1546131607.0	 23.0
1546131607.4	 23.0
1546131607.8	 23.0
1546131608.2	 23.0
1546131608.6	 23.0
1546131609.0	 23.0
1546131609.4	 23.0
1546131609.8	 23.0
1546131610.2	 23.0
1546131610.6	 23.0
1546131611.0	 23.0
1546131611.4	 23.0
1546131611.8	 23.0
1546131612.2	 23.0
1546131612.6	 23.0
1546131613.0	 23.0
1546131613.4	 23.0
1546131613.8	 23.0
1546131614.2	 23.0
1546131614.6	 23.0
1546131615.0	 23.0
1546131615.4	 23.0
1546131615.8	 23.0
1546131616.2	 23.0
1546131616.6	 23.0
1546131617.0	 23.0
1546131617.4	 23.0
1546131617.8	 23.0
1546131618.2	 23.0
1546131618.6	 23.0
1546131619.0	 23.0
1546131619.4	 23.0
1546131619.8	 22.9
1546131620.2	 22.9
1546131620.6	 22.9
1546131621.0	 22.9
1546131621.4	 22.9
1546131621.8	 22.9
1546131622.2	 22.9
1546131622.6	 22.9
1546131623.0	 22.9
1546131623.4	 22.9
1546131623.8	 22.9
1546131624.2	 22.9
1546131624.6	 22.9
1546131625.0	 22.9
1546131625.4	 22.9
1546131625.8	 22.9
1546131626.2	 22.9
1546131626.6	 22.9
1546131627.0	 22.9
1546131627.4	 22.9
1546131627.8	 22.9
1546131628.2	 22.9
1546131628.6	 22.9
1546131629.0	 22.9
1546131629.4	 22.9
1546131629.8	 22.9
1546131630.2	 22.9
1546131630.6	 22.9
1546131631.0	 22.9
1546131631.4	 22.9
1546131631.8	 22.9
1546131632.2	 22.9
1546131632.6	 22.8
1546131633.0	 22.8
1546131633.4	 22.8
1546131633.8	 22.8
1546131634.2	 22.8
1546131634.6	 22.8
1546131635.0	 22.8
1546131635.4	 22.8
1546131635.8	 22.8
1546131636.2	 22.8
1546131636.6	 22.8
1546131637.0	 22.8
1546131637.4	 22.8
1546131637.8	 22.8
1546131638.2	 22.8
1546131638.6	 22.8
1546131639.0	 22.8
1546131639.4	 22.8
1546131639.8	 22.8
1546131640.2	 22.8
1546131640.6	 22.8
1546131641.0	 22.8
1546131641.4	 22.8
1546131641.8	 22.8
1546131642.2	 22.7
1546131642.6	 22.7
1546131643.0	 22.7
1546131643.4	 22.7
1546131643.8	 22.7
1546131644.2	 22.7
1546131644.6	 22.7
1546131645.0	 22.7
1546131645.4	 22.7
1546131645.8	 22.7
1546131646.2	 22.7
1546131646.6	 22.7
1546131647.0	 22.7
1546131647.4	 22.7
1546131647.8	 22.7
1546131648.2	 22.7
1546131648.6	 22.7
1546131649.0	 22.7
1546131649.4	 22.7
1546131649.8	 22.7
1546131650.2	 22.7
1546131650.6	 22.7
1546131651.0	 22.7
1546131651.4	 22.7
1546131651.8	 22.7
1546131652.2	 22.7
1546131652.6	 22.7
1546131653.0	 22.7
1546131653.4	 22.7
1546131653.8	 22.7
1546131654.2	 22.7
1546131654.6	 22.7
1546131655.0	 22.6
1546131655.4	 22.6
1546131655.8	 22.6
1546131656.2	 22.6
1546131656.6	 22.6
1546131657.0	 22.6
1546131657.4	 22.6
1546131657.8	 22.6
1546131658.2	 22.6
1546131658.6	 22.6
1546131659.0	 22.6
1546131659.4	 22.6
1546131659.8	 22.6
1546131660.2	 22.6
1546131660.6	 22.6
1546131661.0	 22.6
1546131661.4	 22.6
1546131661.8	 22.6
1546131662.2	 22.6
1546131662.6	 22.6
1546131663.0	 22.6
1546131663.4	 22.6
1546131663.8	 22.6
1546131664.2	 22.6
1546131664.6	 22.6
1546131665.0	 22.6
1546131665.4	 22.6
1546131665.8	 22.6
1546131666.2	 22.6
1546131666.6	 22.6
1546131667.0	 22.6
1546131667.4	 22.6
1546131667.8	 22.6
1546131668.2	 22.6
1546131668.6	 22.6
1546131669.0	 22.6
1546131669.4	 22.6
1546131669.8	 22.6
1546131670.2	 22.6
1546131670.6	 22.6
1546131671.0	 22.6
1546131671.4	 22.6
1546131671.8	 22.6
1546131672.2	 22.6
1546131672.6	 22.6
1546131673.0	 22.6
1546131673.4	 22.6
1546131673.8	 22.6
1546131674.2	 22.5
1546131674.6	 22.5
1546131675.0	 22.5
1546131675.4	 22.5
1546131675.8	 22.5
1546131676.2	 22.5
1546131676.6	 22.5
1546131677.0	 22.5
1546131677.4	 22.5
1546131677.8	 22.5
1546131678.2	 22.5
1546131678.6	 22.5
1546131679.0	 22.5
1546131679.4	 22.5
1546131679.8	 22.5
1546131680.2	 22.5
1546131680.6	 22.5
1546131681.0	 22.5
1546131681.4	 22.5
1546131681.8	 22.5
1546131682.2	 22.5
1546131682.6	 22.5
1546131683.0	 22.5
1546131683.4	 22.5
1546131683.8	 22.5
1546131684.2	 22.5
1546131684.6	 22.5
1546131685.0	 22.5
1546131685.4	 22.5
1546131685.8	 22.5
1546131686.2	 22.5
1546131686.6	 22.5
1546131687.0	 22.5
1546131687.4	 22.5
1546131687.8	 22.5
1546131688.2	 22.5
1546131688.6	 22.5
1546131689.0	 22.5
1546131689.4	 22.5
1546131689.8	 22.5
1546131690.2	 22.5
1546131690.6	 22.5
1546131691.0	 22.5
1546131691.4	 22.5
1546131691.8	 22.5
1546131692.2	 22.5
1546131692.6	 22.5
1546131693.0	 22.5
1546131693.4	 22.5
1546131693.8	 22.5
1546131694.2	 22.5
1546131694.6	 22.5
1546131695.0	 22.5
1546131695.4	 22.5
1546131695.8	 22.5
1546131696.2	 22.5
1546131696.6	 22.4
1546131697.0	 22.4
1546131697.4	 22.4
1546131697.8	 22.4
1546131698.2	 22.4
1546131698.6	 22.4
1546131699.0	 22.4
1546131699.4	 22.4
1546131699.8	 22.4
1546131700.2	 22.4
1546131700.6	 22.4
1546131701.0	 22.4
1546131701.4	 22.4
1546131701.8	 22.4
1546131702.2	 22.4
1546131702.6	 22.4
1546131703.0	 22.4
1546131703.4	 22.4
1546131703.8	 22.4
1546131704.2	 22.4
1546131704.6	 22.4
1546131705.0	 22.4
1546131705.4	 22.4
1546131705.8	 22.4
1546131706.2	 22.4
1546131706.6	 22.4
1546131707.0	 22.4
1546131707.4	 22.4
1546131707.8	 22.4
1546131708.2	 22.4
1546131708.6	 22.4
1546131709.0	 22.4
1546131709.4	 22.4
1546131709.8	 22.4
1546131710.2	 22.4
1546131710.6	 22.4
1546131711.0	 22.4
1546131711.4	 22.4
1546131711.8	 22.4
1546131712.2	 22.4
1546131712.6	 22.4
1546131713.0	 22.4
1546131713.4	 22.4
1546131713.8	 22.4
1546131714.2	 22.4
1546131714.6	 22.4
1546131715.0	 22.4
1546131715.4	 22.4
1546131715.8	 22.4
1546131716.2	 22.4
1546131716.6	 22.4
1546131717.0	 22.4
1546131717.4	 22.4
1546131717.8	 22.4
1546131718.2	 22.4
1546131718.6	 22.4
1546131719.0	 22.4
1546131719.4	 22.4
1546131719.8	 22.4
1546131720.2	 22.4
1546131720.6	 22.4
1546131721.0	 22.4
1546131721.4	 22.4
1546131721.7	 22.4
1546131722.2	 22.3
1546131722.5	 22.3
1546131722.9	 22.3
1546131723.3	 22.3
1546131723.7	 22.3
1546131724.1	 22.3
1546131724.5	 22.3
1546131724.9	 22.3
1546131725.3	 22.3
1546131725.7	 22.3
1546131726.1	 22.3
1546131726.5	 22.3
1546131726.9	 22.3
1546131727.3	 22.3
1546131727.7	 22.3
1546131728.1	 22.3
1546131728.5	 22.3
1546131728.9	 22.3
1546131729.3	 22.3
1546131729.7	 22.3
1546131730.1	 22.3
1546131730.5	 22.3
1546131730.9	 22.3
1546131731.3	 22.3
1546131731.7	 22.3
1546131732.1	 22.3
1546131732.5	 22.3
1546131732.9	 22.3
1546131733.3	 22.3
1546131733.7	 22.3
1546131734.1	 22.3
1546131734.5	 22.3
1546131734.9	 22.3
1546131735.3	 22.3
1546131735.7	 22.3
1546131736.1	 22.3
1546131736.5	 22.3
1546131736.9	 22.3
1546131737.3	 22.3
1546131737.7	 22.3
1546131738.1	 22.3
1546131738.5	 22.3
1546131738.9	 22.3
1546131739.3	 22.3
1546131739.7	 22.3
1546131740.1	 22.3
1546131740.5	 22.3
1546131740.9	 22.3
1546131741.3	 22.3
1546131741.7	 22.3
1546131742.1	 22.3
1546131742.5	 22.3
1546131742.9	 22.3
1546131743.3	 22.3
1546131743.7	 22.3
1546131744.1	 22.3
1546131744.5	 22.3
1546131744.9	 22.3
1546131745.3	 22.3
1546131745.7	 22.3
1546131746.1	 22.3
1546131746.5	 22.3
1546131746.9	 22.3
1546131747.3	 22.3
1546131747.7	 22.3
1546131748.1	 22.3
1546131748.5	 22.3
1546131748.9	 22.3
1546131749.3	 22.3
1546131749.7	 22.3
1546131750.1	 22.3
1546131750.5	 22.3
1546131750.9	 22.3
1546131751.3	 22.3
1546131751.7	 22.3
1546131752.1	 22.3
1546131752.5	 22.3
1546131752.9	 22.3
1546131753.3	 22.3
1546131753.7	 22.3
1546131754.1	 22.3
1546131754.5	 22.3
1546131754.9	 22.3
1546131755.3	 22.3
1546131755.7	 22.3
1546131756.1	 22.3
1546131756.5	 22.3
1546131756.9	 22.3
1546131757.3	 22.3
1546131757.7	 22.3
1546131758.1	 22.3
1546131758.5	 22.3
1546131758.9	 22.3
1546131759.3	 22.3
1546131759.7	 22.3
1546131760.1	 22.3
1546131760.5	 22.2
1546131760.9	 22.2
1546131761.3	 22.2
1546131761.7	 22.2
1546131762.1	 22.2
1546131762.5	 22.2
1546131762.9	 22.2
1546131763.3	 22.2
1546131763.7	 22.2
1546131764.1	 22.2
1546131764.5	 22.2
1546131764.9	 22.2
1546131765.3	 22.2
1546131765.7	 22.2
1546131766.1	 22.2
1546131766.5	 22.2
1546131766.9	 22.2
1546131767.3	 22.2
1546131767.7	 22.2
1546131768.1	 22.2
1546131768.5	 22.2
1546131768.9	 22.2
1546131769.3	 22.2
1546131769.7	 22.2
1546131770.1	 22.2
1546131770.5	 22.2
1546131770.9	 22.2
1546131771.3	 22.2
1546131771.7	 22.2
1546131772.1	 22.2
1546131772.5	 22.2
1546131772.9	 22.2
1546131773.3	 22.2
1546131773.7	 22.2
1546131774.1	 22.2
1546131774.5	 22.2
1546131774.9	 22.2
1546131775.3	 22.2
1546131775.7	 22.2
1546131776.1	 22.2
1546131776.5	 22.2
1546131776.9	 22.2
1546131777.3	 22.2
1546131777.7	 22.2
1546131778.1	 22.2
1546131778.5	 22.2
1546131778.9	 22.2
1546131779.3	 22.2
1546131779.7	 22.2
1546131780.1	 22.2
1546131780.5	 22.2
1546131780.9	 22.2
1546131781.3	 22.2
1546131781.7	 22.2
1546131782.1	 22.2
1546131782.5	 22.2
1546131782.9	 22.2
1546131783.3	 22.2
1546131783.7	 22.2
1546131784.1	 22.2
1546131784.5	 22.2
1546131784.9	 22.2
1546131785.3	 22.2
1546131785.7	 22.2
1546131786.1	 22.2
1546131786.5	 22.2
1546131786.9	 22.2
1546131787.3	 22.2
1546131787.7	 22.2
1546131788.1	 22.2
1546131788.5	 22.2
1546131788.9	 22.2
1546131789.3	 22.1
1546131789.7	 22.1
1546131790.1	 22.1
1546131790.5	 22.1
1546131790.9	 22.1
1546131791.3	 22.1
1546131791.7	 22.1
1546131792.1	 22.1
1546131792.5	 22.1
1546131792.9	 22.1
1546131793.3	 22.1
1546131793.7	 22.1
1546131794.1	 22.1
1546131794.5	 22.1
1546131794.9	 22.1
1546131795.3	 22.1
1546131795.7	 22.1
1546131796.1	 22.1
1546131796.5	 22.1
1546131796.9	 22.1
1546131797.3	 22.1
1546131797.7	 22.1
1546131798.1	 22.1
1546131798.5	 22.1
1546131798.9	 22.1
1546131799.3	 22.1
1546131799.7	 22.1
1546131800.1	 22.1
1546131800.5	 22.1
1546131800.9	 22.1
1546131801.3	 22.1
1546131801.7	 22.1
1546131802.1	 22.1
1546131802.5	 22.1
1546131802.9	 22.1
1546131803.3	 22.1
1546131803.7	 22.1
1546131804.1	 22.1
1546131804.5	 22.1
1546131804.9	 22.1
1546131805.3	 22.1
1546131805.7	 22.1
1546131806.1	 22.1
1546131806.5	 22.1
1546131806.9	 22.1
1546131807.3	 22.1
1546131807.7	 22.1
1546131808.1	 22.1
1546131808.5	 22.1
1546131808.9	 22.1
1546131809.3	 22.1
1546131809.7	 22.1
1546131810.1	 22.1
1546131810.5	 22.1
1546131810.9	 22.1
1546131811.3	 22.1
1546131811.7	 22.1
1546131812.1	 22.1
1546131812.5	 22.1
1546131812.9	 22.1
1546131813.3	 22.1
1546131813.7	 22.1
1546131814.1	 22.1
1546131814.5	 22.1
1546131814.9	 22.1
1546131815.3	 22.1
1546131815.7	 22.1
1546131816.1	 22.1
1546131816.5	 22.1
1546131816.9	 22.1
1546131817.3	 22.1
1546131817.7	 22.1
